id,titulo,slug,sinopsis,categoria,episodios,generos
2918,3-nen Z-gumi Ginpachi-sensei,3-nen-z-gumi-ginpachi-sensei,El anime derivado de Gintama sigue a Ginpachi Sakata como profesor en la Escuela Secundaria Gintama.,TV Anime,0,
877,#Compass 2.0: Sentou Setsuri Kaiseki System,compass-20-sentou-setsuri-kaiseki-system,"En el sistema de análisis de combate ""COMPASS2.0"", los héroes se reúnen junto a sus compañeros humanos en un espacio onírico. Para mantener el sistema en funcionamiento, deben luchar sin descanso y generar suficiente energía. Sin embargo, uno de ellos, el héroe 13, es un alborotador que se niega a encontrar un compañero. Justo cuando está a punto de ser expulsado, un nuevo jugador llamado Jin acepta unirse a él. ¿Serán capaces de devolver la paz al mundo de #COMPASS2.0?",TV Anime,0,
329,Übel Blatt,ubel-blatt,"Los rumores se propagan por toda la tierra: cuando el portador de la espada negra desenvaina su oscura hoja, ¡todos los que se interpongan en su camino son destrozados...! Köinzell, el misterioso joven que porta la espada negra, indudablemente la maneja con una habilidad excepcional, pero ¿puede realmente ser responsable de los sangrientos rumores? Perseguido por las Lanzas Traidoras, cuatro poderosos guerreros que se creía habían sido derrotados por los Siete Héroes, la fuerza del joven espadachín será puesta a prueba hasta sus límites. Al final de la batalla, solo la impactante verdad de la búsqueda de Köinzell se erguirá sobre los cadáveres de sus enemigos... ¡Una épica fantasía a la más grande escala! ",TV Anime,0,
2,2.5-jigen no Ririsa,25-jigen-no-ririsa,"Después de una desastrosa confesión romántica, Masamune Okumura encuentra consuelo en el mundo ficticio del anime y el manga. Ahora, como estudiante de segundo año de secundaria y presidente del Club de Investigación de Manga, Masamune lleva una existencia pacífica viendo las aventuras del ángel Liliel, su personaje favorito.

Al inicio del año académico, la vida de Masamune da un giro inesperado cuando conoce a Ririsa Amano, una estudiante de primer año y apasionada practicante del cosplay. A pesar de la reticencia inicial de Masamune, la decidida joven logra convencerlo para que se convierta en su fotógrafo personal para la producción de una colección dedicada a su personaje favorito en común: Liliel.

A medida que Masamune descubre con entusiasmo el mundo del cosplay y la edición de fotos, se reencuentra inesperadamente con su amiga de la infancia, Mikari Tachibana, quien se ha convertido en modelo con la esperanza de impresionar a su querido compañero de clase. Al darse cuenta de que el modelaje no es suficiente para intrigar al desesperado otaku, Mikari decide unirse al club y convertirse ella misma en cosplayer, todo para tener finalmente una oportunidad de conquistar el corazón de Masamune. Sin embargo, el amor de Masamune por los personajes ficticios puede que no sea capaz de extenderse a aquellos que los representan. ",TV Anime,0,
113,[Oshi no Ko] 2nd Season,oshi-no-ko-2nd-season,"Con la ayuda del productor Masaya Kaburagi, Aquamarine ""Aqua"" Hoshino y Kana Arima han conseguido los papeles de Touki y Tsurugi en la adaptación teatral de la popular serie de manga Tokyo Blade, a cargo de la Lala Lai Theatrical Company. Junto a ellos, está la novia de Aqua, Akane Kurokawa, quien interpreta a la prometida de Touki, la Princesa Saya. Debido a que los fanáticos prefieren a Tsurugi como el interés amoroso de Touki, Saya ha aparecido cada vez menos en el manga, lo que dificulta que Akane se sumerja por completo en su papel. Sus dificultades se ven agravadas por las diferencias entre el guion de la obra y la obra original, diferencias que también frustran al autor de Tokyo Blade, Abiko Samejima.

Sin embargo, Aqua está más preocupado por sus objetivos personales que por la obra misma. Solo tiene un objetivo en mente: acercarse al director Toshirou Kindaichi y descubrir lo que sabe sobre la madre de Aqua, Ai.",TV Anime,0,
124,30-sai made Doutei dato Mahoutsukai ni Nareru Rashii,30-sai-made-doutei-dato-mahoutsukai-ni-nareru-rashii,"Cuando el insignificante trabajador de oficina Kiyoshi Adachi cumple 30 años, descubre que ha adquirido la habilidad de leer mentes simplemente por haber permanecido virgen durante toda su vida. Sin embargo, el inconveniente es que debe hacer contacto físico con una persona para saber lo que está pensando. Adachi cree que no hay un uso real para este poder hasta que accidentalmente escucha los pensamientos de su compañero de trabajo, Yuuichi Kurosawa.

Carismático y confiable, Kurosawa es la estrella del equipo de Adachi en el trabajo, ganándose los elogios y la admiración de todos en la oficina. Pero en su interior, Kurosawa alberga un intenso enamoramiento unilateral hacia el sombrío Adachi, un hecho que Adachi solo descubre gracias a su habilidad, y una verdad que intenta ignorar con respeto. A medida que Kurosawa trata a Adachi con la amabilidad y el afecto que nunca ha experimentado antes, Adachi encuentra cada vez más difícil ignorar los sinceros avances de su compañero de trabajo. ",TV Anime,0,
553,16bit Sensation: Another Layer,16bit-sensation-another-layer,"El amor de Konoha Akisato por los juegos bishoujo—un tipo de entretenimiento centrado en las interacciones con chicas hermosas—siempre ha alimentado su aspiración de convertirse en una artista popular. Sin embargo, al conseguir su primer trabajo como subilustradora en la compañía de videojuegos Blue Bell, se enfrenta a la dura realidad que rodea a su género favorito. En 2023, la industria de los juegos bishoujo está dominada por lanzamientos baratos, repetitivos y de bajo esfuerzo, con Blue Bell en el centro del problema.

Después de tropezar con una tienda de juegos vintage y recordar los impresionantes títulos del pasado, Konoha se encuentra de repente en el año 1992—justo cuando la industria de los juegos bishoujo comenzaba a florecer. Konoha lucha por aceptar sus nuevas circunstancias hasta que se une a Alcohol Soft, una pequeña compañía de videojuegos dispuesta a contratarla como ilustradora. Aunque cree que sus habilidades del futuro la impulsarán al éxito, la tecnología y la ilustración son considerablemente anticuadas, y debe adaptarse rápidamente si desea cumplir sus sueños.",TV Anime,0,
2569,5-toubun no Hanayome∽,5-toubun-no-hanayome,Incluyendo historias del manga que no fueron adaptadas en el anime principal.,Especial,0,
1710,[Oshi no Ko],oshi-no-ko,"En el mundo del entretenimiento, las celebridades a menudo muestran versiones exageradas de sí mismas al público, ocultando sus verdaderos pensamientos y luchas detrás de elaboradas mentiras. Los fans se dejan llevar por estas fabricaciones, colmando a sus ídolos con amor y apoyo incondicional, hasta que algo rompe la ilusión. Ai Hoshino, una estrella en ascenso de dieciséis años del grupo de ídolos pop B Komachi, ha cautivado al mundo; sin embargo, cuando anuncia un descanso por preocupaciones de salud, la noticia causa preocupación en muchos.

Como gran fan de Ai, el ginecólogo Gorou Amemiya la anima desde su consulta médica en el campo, deseando poder conocerla en persona algún día. Su deseo se vuelve realidad cuando Ai aparece en su hospital—¡no enferma, sino embarazada de gemelos! Mientras el doctor le promete a Ai que le ayudará a dar a luz a sus hijos de manera segura, se pregunta si este encuentro con la ídolo cambiará para siempre la naturaleza de su relación con ella.",TV Anime,0,
559,4-nin wa Sorezore Uso wo Tsuku,4-nin-wa-sorezore-uso-wo-tsuku,"¿Qué tienen en común un alienígena, un ex-ninja, un débil telépata y un chico que finge ser una chica? Todos son compañeros de clase en la Academia de Chicas Kashihara y ocultan sus verdaderas identidades del mundo. Rikka, Chiyo, Sekine y Tsubasa parecen ser las mejores amigas, pero cada una guarda un monumental secreto que no puede revelar, pase lo que pase. Para seguir disfrazándose de chicas normales de secundaria, cada una de ellas debe inventar formas creativas de ocultar su verdadero yo. Pero eso es más fácil decirlo que hacerlo, ya que las cuatro estudiantes terminan enredadas en numerosas travesuras a lo largo del camino.",TV Anime,0,
560,5-toubun no Hanayome Movie,5-toubun-no-hanayome-movie,"Los esfuerzos de Fuutarou Uesugi como tutor privado de las quintillizas Nakano finalmente están dando sus frutos. El rendimiento académico de las cinco hermanas está mejorando constantemente, y cada una de ellas se acerca más que nunca a cumplir sus respectivos sueños. Sin embargo, parece que Fuutarou se ha convertido en algo más que un maestro para las chicas, quienes lo instan a aclarar sus sentimientos.

El joven indeciso promete tomar una decisión para el final del festival escolar. Sin embargo, la tarea de Fuutarou no será fácil, ya que las hermanas Nakano harán todo lo posible para conquistar su corazón antes de que sea demasiado tarde.",Película,0,
3270,180-byou de Kimi no Mimi wo Shiawase ni Dekiru ka?,180-byou-de-kimi-no-mimi-wo-shiawase-ni-dekiru-ka,"Desde el delicioso sonido de la masticación en mukbang hasta los susurros relajantes de la actuación de voz, el ASMR ha crecido constantemente en popularidad en los últimos años. Así, muchas personas alrededor del mundo lo disfrutan, y la estudiante de secundaria Akari Sawake no es la excepción. Con sus fieles auriculares, Akari explora las diversas formas en que el ASMR puede estimular sus sentidos y comparte con los demás las abundantes maravillas que puede ofrecer.",TV Anime,0,
549,100-man no Inochi no Ue ni Ore wa Tatteiru 2nd Season,100-man-no-inochi-no-ue-ni-ore-wa-tatteiru-2nd-season,"Una vez más, el mundo de misiones del Game Master atrae inesperadamente a Yuusuke Yotsuya y al resto de su antiguo equipo. Acompañados por la nueva adición, Keita Torii, el equipo se reencuentra con Kahabell, aún sin ser conscientes del impacto de sus acciones en este mundo.

Después de despedirse de Kahabell, el equipo se embarca en su nueva misión: la ofrenda de un búfalo Jiffon en Vaikdamnia, en la Isla Jiffon. Sin embargo, al comenzar su viaje hacia la isla, el equipo pronto descubre que la misión no es tan simple como parecía al principio.

De hecho, la isla está aterrorizada por orcos que han hecho un trato con sus habitantes: en lugar de devorar a los isleños, los orcos recibirán búfalos. Con la creciente escasez de búfalos, el festival anual de Vaikdamnia no podrá llevarse a cabo. Pero, dada la importancia de la misión del equipo, se ven obligados a tomar la decisión obvia: liberar la isla de los orcos y salvar a los isleños.",TV Anime,0,
402,86,86-eighty-six,"Según la República de San Magnolia, su guerra en curso contra el Imperio Giadiano no tiene bajas; sin embargo, eso es mera propaganda. Mientras los Albas de cabellos plateados de los ochenta y cinco sectores de la República viven a salvo tras muros protectores, aquellos de diferentes apariencias son internados en una secreta décima sexta facción. Conocidos en el ámbito militar como los Ochenta y Seis, se ven obligados a luchar contra la Legión autónoma del Imperio bajo el mando de los ""Manipuladores"" republicanos.

Vladilena Milizé es asignada al escuadrón Spearhead para reemplazar a su anterior Manipulador. Rechazada por sus compañeros por ser una partidaria de los Ochenta y Seis, continúa luchando contra su inhumana discriminación. Shinei Nouzen es el capitán del escuadrón Spearhead. Infame por ser el único sobreviviente de cada escuadrón en el que ha estado, insiste en cargar con los nombres y deseos de sus camaradas caídos. Cuando los destinos de estas jóvenes almas de dos mundos diferentes colisionan, ¿encenderán la chispa que ilumine su camino hacia la salvación, o se quemarán en las llamas de la desesperación? ",TV Anime,0,
548,100-man no Inochi no Ue ni Ore wa Tatteiru,100-man-no-inochi-no-ue-ni-ore-wa-tatteiru,"Yuusuke Yotsuya siempre ha tenido una aversión hacia Tokio, pero especialmente odia a las personas que viven en ella. Preferiría prosperar en un mundo virtual que intentar llevarse bien con los que lo rodean. Al final de un día escolar, ve al popular atleta Iu Shindou hablando con Kusue Hakozaki, quien pasa menos tiempo en la escuela debido a una enfermedad. Pero, cuando aparta la vista de los dos y vuelve a mirarlos, aparentemente han desaparecido.

Momentos después, Yotsuya entra en un estado de caída libre y el mundo comienza a cambiar a su alrededor. Al caer en una gran piscina de agua, lo primero que ve al recuperar la conciencia es una variedad de enormes monstruos. Pronto descubre que ha sido llevado a un mundo de juego por Shindou y Hakozaki y que debe completar una misión en un plazo de 14 días.

Hay una cosa que separa a este mundo del mundo real: cualquier persona que muera será resucitada en 30 segundos, siempre que al menos un miembro del grupo esté vivo. Encargados de numerosas misiones que aumentan en dificultad a lo largo del tiempo, Yotsuya, Shindou y Hakozaki intentan descubrir el misterio detrás del desconcertante mundo del juego.",TV Anime,0,
3344,22/7,227,"Miu Takigawa observa el mundo desde detrás de la seguridad de su flequillo, contenta con pasar desapercibida en la vida. Reservada y tímida, Miu lucha por conversar o incluso sonreír a los clientes en su trabajo a tiempo parcial, pero trabaja incansablemente para mantener a su madre y a su preciosa hermana pequeña, Haru. Es un shock cuando llega una carta de la compañía de entretenimiento GIP, anunciando que ha sido elegida como candidata para su nuevo proyecto.

Miu decide aceptar la invitación y se dirige al lugar de encuentro donde un ecléctico grupo de otras candidatas llega, todas convocadas por sus propias cartas. No mucho después, las chicas son escoltadas por un gerente a una lujosa instalación secreta, donde se les explica que deben seguir las misteriosas instrucciones de ""La Pared"", cuyas órdenes son absolutas.

El 24 de diciembre de 2016, verá el nacimiento de ídolos como ningún otro; ese día, el grupo 22/7 hará su debut, ya sea que Miu y las otras miembros estén listas o no para subir al escenario.",TV Anime,0,
2037,3D Kanojo: Real Girl 2nd Season,3d-kanojo-real-girl-2nd-season,"El adolescente otaku Tsutsui finalmente comienza a sentirse cómodo en su relación con su hermosa compañera de clases Iroha, pero el mundo real sigue complicando las cosas para ambos. Con el festival cultural de la escuela a la vista, Tsutsui se ve atrapado trabajando en el comité del festival, mientras que los compañeros de clase de Iroha la presionan para que participe en el concurso de belleza. Mientras tanto, el mejor amigo de Tsutsui, Itou, finalmente encuentra el valor para confesar sus sentimientos a Ayado, pero ella lo rechaza. Mientras Itou intenta superar este rechazo y Tsutsui lucha por sobrevivir al festival, ambos deciden hacer lo que sea necesario para convertirse en mejores personas. ¿Pavimentarán sus buenas intenciones el camino hacia un final feliz, o se romperán más corazones en el camino?.",TV Anime,0,
2036,3D Kanojo: Real Girl,3d-kanojo-real-girl,"Para Hikari Tsutsui, la vida dentro del reino bidimensional es mucho más simple. Socialmente torpe y awkward, se sumerge en los videojuegos y el anime, solo para ser incansablemente ridiculizado y marginado por sus compañeros de clase. Compartiendo su miseria está Yuuto Itou, su único amigo, que lleva orejas de gato y está igualmente obsesionado con el mundo de los juegos.

Después de ser obligado a limpiar la piscina como castigo por llegar tarde, Tsutsui conoce a Iroha Igarashi, pero intenta mantener distancia de ella, ya que su notoriedad la precede. Directa y sin filtros, odiada por sus compañeras de clase, e infame por coquetear con los chicos, Tsutsui cree que involucrarse con ella solo le traería problemas.

3D Kanojo: Real Girl es una historia que gira en torno a estos dos marginados: un chico lleno de emociones que nunca ha experimentado antes, luchando por expresarlas, y una chica que se esfuerza por sacarlo de su caparazón.",TV Anime,0,
557,3-gatsu no Lion 2nd Season,3-gatsu-no-lion-2nd-season,"Ahora, en su segundo año de secundaria, Rei Kiriyama continúa enfrentándose a sus luchas en el mundo profesional del shogi, así como en su vida personal. Rodeado de personalidades vibrantes en la sala de shogi, en el club escolar y en la comunidad local, su caparazón solitario comienza a agrietarse lentamente. Entre ellos se encuentran las tres hermanas Kawamoto—Akari, Hinata y Momo—quienes forjan un vínculo afectuoso y familiar con Rei. A través de estos lazos, se da cuenta de que todos cargan con sus propias dificultades emocionales y comienza a aprender a depender de los demás mientras les apoya a su vez.

Sin embargo, la vida de un profesional no es fácil. Entre torneos, campeonatos y matches por el título, la presión aumenta a medida que Rei avanza en las clasificaciones y se enfrenta a oponentes increíblemente hábiles. A medida que gestiona sus relaciones con aquellos que se han acercado a él, el jugador de shogi sigue buscando la razón por la que juega el juego que define su carrera.",TV Anime,0,
554,18if,18if,"Despertando en un extraño dormitorio en un mundo de sueños, el adolescente Haruto Tsukishiro encuentra una extraña aplicación en su teléfono. Cuando activa el programa, aparece una mujer peculiar que intenta arrastrarlo a su reino. Por suerte, una misteriosa chica de cabello blanco corta su conexión y lo ayuda a escapar, revelando que la mujer es una bruja; sin embargo, su conversación se interrumpe. Al entrar de nuevo en el reino, Haruto se encuentra con un gato antropomórfico y hablante llamado Katsumi Kanzaki. Mientras los seguidores de la bruja los persiguen, la chica de cabello blanco abre una puerta para que puedan escapar.

Después de su aventura, Haruto describe a su salvadora—que solo él puede ver—y Katsumi, la máxima autoridad en investigación de mundos de sueños, se da cuenta de que debe ser ""Lily"", un ser que reaparece repetidamente en múltiples paisajes oníricos. Con la esperanza de salir del mundo de los sueños a través de una puerta azul, entran de nuevo en el reino de la bruja. Al encontrarse en peligro, Lily revela la verdad a Haruto: las brujas padecen el ""Síndrome de la Bella Durmiente"", un estado de coma inducido por el tormento en sus vidas reales. Por lo tanto, no pueden despertar hasta que sean derrotadas en el mundo de los sueños.

Después de finalmente derrotar a la bruja y localizar la puerta azul, Haruto y Katsumi se despiden, prometiendo encontrarse en el mundo real. Sin embargo, cuando Haruto sale por la puerta, despierta una vez más en el dormitorio del mundo de los sueños. Buscando respuestas, Haruto y Katsumi intentan descubrir los misterios de las brujas, Lily y la propia incapacidad de Haruto para abandonar el mundo de los sueños.",TV Anime,0,
